timestamp (+0100);;x-axis (deg/s);y-axis (deg/s);z-axis (deg/s)
9-2-2019 13:52;;3,537;0,183;-1,402
9-2-2019 13:52;;0,366;2,988;-4,207
9-2-2019 13:52;;-0,976;1,768;-3,476
9-2-2019 13:52;;1,402;-1,951;2,256
9-2-2019 13:52;;4,817;-3,171;4,451
9-2-2019 13:52;;7,134;-3,598;5,732
9-2-2019 13:52;1;8,963;-1,585;4,207
9-2-2019 13:52;2;11,524;0,671;1,341
9-2-2019 13:52;3;11,951;-0,061;2,073
9-2-2019 13:52;4;12,866;-2,317;7,866
9-2-2019 13:52;5;22,317;-4,329;12,317
9-2-2019 13:52;6;52,195;-10,122;22,561
9-2-2019 13:52;7;112,683;-31,707;44,146
9-2-2019 13:52;8;222,622;-52,744;77,988
9-2-2019 13:52;9;324,451;-45,854;125,366
9-2-2019 13:52;10;272,256;-1,463;167,5
9-2-2019 13:52;11;-38,232;103,293;159,878
9-2-2019 13:52;12;-127,134;59,146;26,829
9-2-2019 13:52;13;-171,098;-29,634;-147,195
9-2-2019 13:52;14;-219,451;-90,976;-242,256
9-2-2019 13:52;15;-247,805;-148,11;-271,28
9-2-2019 13:52;16;-239,695;-164,085;-224,756
9-2-2019 13:52;17;-186,524;-57,256;-84,146
9-2-2019 13:52;18;-119,634;101,159;38,78
9-2-2019 13:52;19;-61,159;171,646;78,659
9-2-2019 13:52;20;-22,317;182,561;114,207
9-2-2019 13:52;21;6,707;182,134;95,915
9-2-2019 13:52;22;3,537;92,988;20,427
9-2-2019 13:52;23;20,366;-54,512;12,805
9-2-2019 13:52;24;141,402;-187,744;157,134
9-2-2019 13:52;25;30,854;-26,89;14,207
9-2-2019 13:52;26;9,878;12,988;-2,561
9-2-2019 13:52;27;10,549;-8,293;10,122
9-2-2019 13:52;;6,402;-5,488;3,598
9-2-2019 13:52;;1,524;-0,244;-1,159
9-2-2019 13:52;;-0,976;2,195;-4,085
9-2-2019 13:52;;-0,915;0;-1,646
9-2-2019 13:52;;-0,427;-3,415;2,195
9-2-2019 13:52;;2,744;-4,146;3,659
9-2-2019 13:52;;4,451;-3,963;4,268
9-2-2019 13:52;;4,268;-2,012;1,829
9-2-2019 13:52;;2,378;-1,098;0,488
9-2-2019 13:52;;1,89;-5,183;4,39
9-2-2019 13:52;;12,866;-11,646;12,134
9-2-2019 13:52;;48,476;-17,012;26,341
9-2-2019 13:52;;102,195;-21,28;49,878
9-2-2019 13:52;;199,695;-41,585;77,317
9-2-2019 13:52;;292,744;-83,171;116,585
9-2-2019 13:52;;279,634;-67,134;137,988
9-2-2019 13:52;;-3,963;42,805;82,5
9-2-2019 13:52;;-114,756;22,988;-20,122
9-2-2019 13:52;;-178,902;-20,61;-118,659
9-2-2019 13:52;;-228,598;-59,085;-190,915
9-2-2019 13:52;;-242,805;-112,622;-240,305
9-2-2019 13:52;;-222,988;-134,451;-225,244
9-2-2019 13:52;;-161,707;-17,012;-93,963
9-2-2019 13:52;;-109,39;143,902;67,134
9-2-2019 13:52;;-62,256;197,683;165,793
9-2-2019 13:52;;-3,537;191,463;141,707
9-2-2019 13:52;;36,646;125,549;29,146
9-2-2019 13:52;;5,366;4,207;-38,11
9-2-2019 13:52;;82,988;-127,683;124,207
9-2-2019 13:52;;64,512;-101,463;85,61
9-2-2019 13:52;;16,037;23,476;-15,976
9-2-2019 13:52;;8,171;2,5;1,646
9-2-2019 13:52;;3,72;-5,793;4,329
9-2-2019 13:52;;3,171;-0,61;-1,159
9-2-2019 13:52;;1,22;1,585;-3,232
9-2-2019 13:52;;-0,793;1,402;-3,902
9-2-2019 13:52;;-1,28;-1,768;0,732
9-2-2019 13:52;;1,159;-3,415;2,5
9-2-2019 13:52;;3,415;-3,902;3,354
9-2-2019 13:52;;5,061;-1,707;1,89
9-2-2019 13:52;;5,427;-0,305;0,61
9-2-2019 13:52;;2,317;-3,049;2,805
9-2-2019 13:52;;5,183;-5,488;7,805
9-2-2019 13:52;;22,073;-4,878;10,366
9-2-2019 13:52;;53,659;-7,927;24,512
9-2-2019 13:52;;114,695;-37,195;57,378
9-2-2019 13:52;;209,024;-59,451;91,098
9-2-2019 13:52;;283,476;-67,317;133,415
9-2-2019 13:52;;253,232;-32,988;149,817
9-2-2019 13:52;;-2,317;52,744;98,963
9-2-2019 13:52;;-100,976;33,537;-9,146
9-2-2019 13:52;;-160,488;-19,268;-123,78
9-2-2019 13:52;;-217,134;-63,11;-198,72
9-2-2019 13:52;;-248,963;-115,244;-238,963
9-2-2019 13:52;;-239,695;-135,732;-221,646
9-2-2019 13:52;;-190,183;-42,561;-113,232
9-2-2019 13:52;;-126,098;109,512;5,244
9-2-2019 13:52;;-70,427;171,768;100,244
9-2-2019 13:52;;-16,098;180,976;141,951
9-2-2019 13:52;;37,073;133,659;52,378
9-2-2019 13:52;;39,512;22,134;-48,841
9-2-2019 13:52;;7,012;-72,012;-55,427
9-2-2019 13:52;;116,524;-120;140,854
9-2-2019 13:52;;78,293;-100,915;81,829
9-2-2019 13:52;;11,951;11,768;-12,439
9-2-2019 13:52;;12,256;0,671;6,098
9-2-2019 13:52;;6,037;-7,805;8,232
9-2-2019 13:52;;3,11;-1,341;-0,244
9-2-2019 13:52;;0,122;0,915;-1,89
9-2-2019 13:52;;-0,732;-0,244;-0,732
9-2-2019 13:52;;0,915;-1,89;1,22
9-2-2019 13:52;;4,085;-3,171;3,598
9-2-2019 13:52;;7,378;-4,512;5,549
9-2-2019 13:52;;9,146;-3,841;6,037
9-2-2019 13:52;;7,561;-3,171;6,22
9-2-2019 13:52;;8,476;-6,28;7,805
9-2-2019 13:52;;19,878;-7,561;14,268
9-2-2019 13:52;;43,171;-13,293;27,5
9-2-2019 13:52;;102,378;-24,146;67,5
9-2-2019 13:52;;205,488;-30,061;131,951
9-2-2019 13:52;;293,902;-67,378;187,012
9-2-2019 13:52;;254,878;-21,89;175,061
9-2-2019 13:52;;10,366;40,671;21,098
9-2-2019 13:52;;-60,427;30,183;-83,902
9-2-2019 13:52;;-148,78;28,78;-117,988
9-2-2019 13:52;;-214,268;2,622;-152,622
9-2-2019 13:52;;-241,037;-47,195;-192,805
9-2-2019 13:52;;-239,39;-84,207;-206,524
9-2-2019 13:52;;-194,329;-62,256;-166,768
9-2-2019 13:52;;-128,415;50,915;-55,793
9-2-2019 13:52;;-88,659;150,183;101,037
9-2-2019 13:52;;-30,854;175,732;159,756
9-2-2019 13:52;;39,573;131,707;74,207
9-2-2019 13:52;;36,037;18,293;-24,695
9-2-2019 13:52;;105,122;-159,634;111,22
9-2-2019 13:52;;69,695;-114,939;87,622
9-2-2019 13:52;;13,841;27,317;-15,305
9-2-2019 13:52;;12,073;-0,854;4,878
9-2-2019 13:52;;9,451;-6,646;6,22
9-2-2019 13:52;;5,427;-0,549;-0,61
9-2-2019 13:52;;0,305;0,305;-1,402
9-2-2019 13:52;;-1,28;0,122;-2,073
9-2-2019 13:52;;-1,524;-1,28;-0,366
9-2-2019 13:52;;-0,183;-2,561;0,793
9-2-2019 13:52;;3,72;-2,622;2,012
9-2-2019 13:52;;5,549;-2,561;3,11
9-2-2019 13:52;;5,732;-1,829;2,927
9-2-2019 13:52;;5,915;-3,841;5,61
9-2-2019 13:52;;13,293;-6,159;8,72
9-2-2019 13:52;;30,61;-5,976;10,854
9-2-2019 13:52;;60,183;-11,22;26,951
9-2-2019 13:52;;127,317;-35,854;66,341
9-2-2019 13:52;;232,927;-58,537;116,646
9-2-2019 13:52;;314,329;-65,549;168,11
9-2-2019 13:52;;217,988;14,146;177,256
9-2-2019 13:52;;-51,22;82,927;74,756
9-2-2019 13:52;;-105,061;40,915;-67,317
9-2-2019 13:52;;-169,329;4,085;-161,585
9-2-2019 13:52;;-230,366;-31,951;-208,354
9-2-2019 13:52;;-251,28;-82,317;-228,171
9-2-2019 13:52;;-234,329;-101,037;-198,841
9-2-2019 13:52;;-176,585;-23,476;-106,89
9-2-2019 13:52;;-107,5;98,11;11,768
9-2-2019 13:52;;-52,744;145,244;110,732
9-2-2019 13:52;;5,244;145,427;109,573
9-2-2019 13:52;;45,488;97,988;37,073
9-2-2019 13:52;;13,049;15,549;-9,329
9-2-2019 13:52;;33,293;-63,293;59,207
9-2-2019 13:52;;110,305;-131,585;153,841
9-2-2019 13:52;;9,634;9,756;-12,744
9-2-2019 13:52;;5,122;6,159;-3,537
9-2-2019 13:52;;3,537;-8,902;9,146
9-2-2019 13:52;;3,598;1,341;-2,317
9-2-2019 13:52;;-0,061;3,049;-3,902
9-2-2019 13:52;;-3,598;1,646;-3,171
9-2-2019 13:52;;-3,049;-3,476;1,89
9-2-2019 13:52;;0,61;-5,915;4,634
9-2-2019 13:52;;3,598;-3,72;4,817
9-2-2019 13:52;;4,939;-0,61;3,293
9-2-2019 13:52;;2,012;-2,195;3,963
9-2-2019 13:52;;1,22;-6,341;8,841
9-2-2019 13:52;;9,695;-9,695;13,78
9-2-2019 13:52;;31,159;-15,244;22,744
9-2-2019 13:52;;85;-36,098;62,195
9-2-2019 13:52;;165,671;-37,988;118,171
9-2-2019 13:52;;247,134;-83,11;165,122
9-2-2019 13:52;;287,927;-69,451;181,89
9-2-2019 13:52;;69,268;-5,488;56,829
9-2-2019 13:52;;-51,646;-22,195;-87,317
9-2-2019 13:52;;-143,415;-26,22;-137,378
9-2-2019 13:52;;-212,866;-43,354;-163,963
9-2-2019 13:52;;-241,28;-88,598;-195,061
9-2-2019 13:52;;-234,207;-130,305;-207,256
9-2-2019 13:52;;-182,317;-95,183;-160,61
9-2-2019 13:52;;-109,146;29,024;-54,024
9-2-2019 13:52;;-55,427;149,817;52,744
9-2-2019 13:52;;-23,963;172,866;95,793
9-2-2019 13:52;;5,793;167,866;66,098
9-2-2019 13:52;;7,927;112,805;-7,073
9-2-2019 13:52;;19,878;-45,915;-2,012
9-2-2019 13:52;;83,841;-201,22;131,951
9-2-2019 13:52;;23,72;4,512;2,561
9-2-2019 13:52;;15,183;12,073;-3,963
9-2-2019 13:52;;8,354;-8,171;6,951
9-2-2019 13:52;;2,378;-4,329;1,402
9-2-2019 13:52;;-1,341;-1,463;-0,244
9-2-2019 13:52;;-3,049;1,585;-3,78
9-2-2019 13:52;;-3,232;1,22;-2,805
9-2-2019 13:52;;-3,171;-3,293;1,28
9-2-2019 13:52;;0,793;-6,463;3,537
9-2-2019 13:52;;4,573;-5,915;4,573
9-2-2019 13:52;;5,976;-2,988;2,866
9-2-2019 13:52;;6,524;-2,805;3,171
9-2-2019 13:52;;7,561;-6,585;7,256
9-2-2019 13:52;;19,573;-10,671;21,951
9-2-2019 13:52;;47,378;-20,671;43,78
9-2-2019 13:52;;88,232;-27,012;81,89
9-2-2019 13:52;;174,268;-53,232;134,512
9-2-2019 13:52;;254,756;-92,622;175,671
9-2-2019 13:52;;229,512;-62,866;154,634
9-2-2019 13:52;;22,866;-2,561;-19,207
9-2-2019 13:52;;-53,598;-0,854;-110,732
9-2-2019 13:52;;-137,744;7,378;-121,768
9-2-2019 13:52;;-197,927;-6,341;-137,378
9-2-2019 13:52;;-220,793;-43,841;-164,451
9-2-2019 13:52;;-204,268;-83,72;-193,537
9-2-2019 13:52;;-150,244;-81,22;-195
9-2-2019 13:52;;-92,195;12,927;-110,793
9-2-2019 13:52;;-64,329;119,756;60,183
9-2-2019 13:52;;-36,463;172,805;152,622
9-2-2019 13:52;;1,402;169,817;100,366
9-2-2019 13:52;;13,72;90,793;3,11
9-2-2019 13:52;;7,5;-23,354;-24,634
9-2-2019 13:52;;118,659;-176,585;158,902
9-2-2019 13:52;;53,11;-100,244;61,402
9-2-2019 13:52;;15,793;20,549;-13,11
9-2-2019 13:52;;12,622;-1,951;7,866
9-2-2019 13:52;;6,768;-8,232;7,988
9-2-2019 13:52;;4,451;-3,354;1,585
9-2-2019 13:52;;0,305;-1,22;-0,061
9-2-2019 13:52;;-1,829;-0,366;-1,829
9-2-2019 13:52;;-2,5;-1,341;-0,671
9-2-2019 13:52;;-2,866;-2,134;-0,244
9-2-2019 13:52;;-0,61;-2,317;0,183
9-2-2019 13:52;;1,524;-2,866;2,256
9-2-2019 13:52;;3,476;-2,927;2,744
9-2-2019 13:52;;4,207;-4,146;4,207
9-2-2019 13:52;;4,939;-6,585;7,134
9-2-2019 13:52;;10,061;-7,561;8,963
9-2-2019 13:52;;27,439;-9,512;14,39
9-2-2019 13:52;;59,634;-14,695;33,415
9-2-2019 13:52;;118,11;-30,122;64,024
9-2-2019 13:52;;197,561;-56,341;111,585
9-2-2019 13:52;;264,085;-90,244;152,561
9-2-2019 13:52;;218,598;-44,817;144,512
9-2-2019 13:52;;-27,439;17,5;1,098
9-2-2019 13:52;;-106,829;-10,366;-106,159
9-2-2019 13:52;;-187,256;-25,305;-148,537
9-2-2019 13:52;;-239,451;-56,159;-186,585
9-2-2019 13:52;;-239,573;-111,951;-218,902
9-2-2019 13:52;;-211,341;-128,049;-203,415
9-2-2019 13:52;;-144,878;-35;-118,171
9-2-2019 13:52;;-80,915;79,573;-9,756
9-2-2019 13:52;;-41,22;131,159;87,988
9-2-2019 13:52;;-1,28;152,866;105,732
9-2-2019 13:52;;24,634;132,866;34,268
9-2-2019 13:52;;-0,671;56,037;-24,695
9-2-2019 13:52;;24,634;-76,22;26,524
9-2-2019 13:52;;128,232;-189,39;124,817
9-2-2019 13:52;;20,427;5,244;-4,268
9-2-2019 13:52;;8,537;12,317;-1,463
9-2-2019 13:52;;8,963;-10,854;11,951
9-2-2019 13:52;;6,159;-3,476;1,585
9-2-2019 13:52;;2,134;-0,305;-0,671
9-2-2019 13:52;;-1,159;0;-1,768
9-2-2019 13:52;;-1,22;-0,366;-1,159
9-2-2019 13:52;;-0,549;-1,585;-0,061
9-2-2019 13:52;;1,951;-2,073;0,976
9-2-2019 13:52;;4,146;-2,317;1,951
9-2-2019 13:52;;4,878;-2,012;2,012
9-2-2019 13:52;;4,756;-3,354;3,293
9-2-2019 13:52;;6,768;-7,134;7,256
9-2-2019 13:52;;14,939;-10,61;9,817
9-2-2019 13:52;;41,768;-13,049;20,732
9-2-2019 13:52;;90,915;-21,037;50,122
9-2-2019 13:52;;187,927;-51,341;86,463
9-2-2019 13:52;;273,11;-100;124,512
9-2-2019 13:52;;291,159;-99,817;136,829
9-2-2019 13:52;;42,622;-15,244;38,72
9-2-2019 13:52;;-84,024;-21,646;-63,11
9-2-2019 13:52;;-150,915;-37,5;-113,598
9-2-2019 13:52;;-210,488;-51,159;-145,671
9-2-2019 13:52;;-241,89;-81,159;-178,598
9-2-2019 13:52;;-254,695;-120,61;-207,073
9-2-2019 13:52;;-220,366;-89,207;-180,061
9-2-2019 13:52;;-145,366;18,841;-92,5
9-2-2019 13:52;;-89,085;136,707;33,293
9-2-2019 13:52;;-48,293;184,268;159,817
9-2-2019 13:52;;10,732;195,305;173,537
9-2-2019 13:52;;61,829;133,841;53,232
9-2-2019 13:52;;33,171;6,646;-43,598
9-2-2019 13:52;;70,732;-213,598;106,159
9-2-2019 13:52;;49,512;-137,744;78,598
9-2-2019 13:52;;21,22;29,207;-12,5
9-2-2019 13:52;;13,537;0,61;5,976
9-2-2019 13:52;;8,293;-8,354;8,415
9-2-2019 13:52;;5,305;-2,012;-0,122
9-2-2019 13:52;;0,732;-0,671;-0,793
9-2-2019 13:52;;-1,341;0,305;-3,293
9-2-2019 13:52;;-1,402;-0,61;-2,195
9-2-2019 13:52;;-1,951;-2,988;0,305
9-2-2019 13:52;;2,622;-4,329;3,293
9-2-2019 13:52;;6,707;-3,902;4,695
9-2-2019 13:52;;7,256;-2,927;3,049
9-2-2019 13:52;;5,366;-4,878;0,793
9-2-2019 13:52;;7,195;-6,829;4,451
9-2-2019 13:52;;20,976;-6,22;12,622
9-2-2019 13:52;;56,22;-10,427;32,439
9-2-2019 13:52;;117,256;-20;75,244
9-2-2019 13:52;;206,768;-68,476;126,037
9-2-2019 13:52;;280,915;-98,537;162,561
9-2-2019 13:52;;200,915;-48,476;118,232
9-2-2019 13:52;;-9,695;-13,476;-28,476
9-2-2019 13:52;;-81,646;-5,366;-93,78
9-2-2019 13:52;;-165,244;-13,902;-129,451
9-2-2019 13:52;;-222,134;-44,39;-167,744
9-2-2019 13:52;;-245,671;-92,134;-199,695
9-2-2019 13:52;;-233,598;-123,537;-206,159
9-2-2019 13:52;;-180,427;-67,134;-148,171
9-2-2019 13:52;;-117,927;70,488;-34,939
9-2-2019 13:52;;-69,207;176,646;71,768
9-2-2019 13:52;;-37,988;198,415;131,463
9-2-2019 13:52;;3,537;192,195;100,915
9-2-2019 13:52;;20,244;72,683;-11,524
9-2-2019 13:52;;25,244;-87,134;-74,329
9-2-2019 13:52;;130,061;-228,171;151,28
9-2-2019 13:52;;66,28;-129,146;78,354
9-2-2019 13:52;;19,634;16,707;-9,085
9-2-2019 13:52;;11,159;0,366;7,317
9-2-2019 13:52;;6,89;-5,488;5,427
9-2-2019 13:52;;2,744;0,061;-2,256
9-2-2019 13:52;;-0,671;1,402;-3,659
9-2-2019 13:52;;-1,22;1,707;-4,451
9-2-2019 13:52;;-1,037;-0,305;-0,366
9-2-2019 13:52;;1,402;-2,622;4,146
9-2-2019 13:52;;6,768;-3,354;5,915
9-2-2019 13:52;;7,622;-1,89;4,756
9-2-2019 13:52;;6,646;-0,61;6,098
9-2-2019 13:52;;4,939;-2,866;8,354
9-2-2019 13:52;;4,207;-6,037;8,11
9-2-2019 13:52;;11,159;-7,683;12,073
9-2-2019 13:52;;31,89;-8,293;27,378
9-2-2019 13:52;;80,183;-12,256;67,927
9-2-2019 13:52;;173,11;-18,963;127,073
9-2-2019 13:52;;253,537;-38,902;186,89
9-2-2019 13:52;;286,098;-43,963;201,89
9-2-2019 13:52;;79,085;-5,183;29,939
9-2-2019 13:52;;-41,524;-33,354;-126,22
9-2-2019 13:52;;-130,976;-40,732;-158,049
9-2-2019 13:52;;-212,012;-70,305;-184,39
9-2-2019 13:52;;-242,622;-125,366;-219,512
9-2-2019 13:52;;-245;-176,829;-233,476
9-2-2019 13:52;;-193,415;-145,549;-188,537
9-2-2019 13:52;;-113,415;-22,256;-94,268
9-2-2019 13:52;;-67,622;113,841;24,024
9-2-2019 13:52;;-42,866;159,817;88,72
9-2-2019 13:52;;-19,756;175,183;72,744
9-2-2019 13:52;;-7,683;164,573;16,22
9-2-2019 13:52;;-21,585;56,159;-28,902
9-2-2019 13:52;;19,573;-74,817;-0,61
9-2-2019 13:52;;128,232;-189,451;156,159
9-2-2019 13:52;;52,683;-85,976;40,122
9-2-2019 13:52;;17,927;-0,061;-0,793
9-2-2019 13:52;;11,524;-6,28;13,11
9-2-2019 13:52;;5,915;-6,159;6,159
9-2-2019 13:52;;2,195;-0,915;-1,524
9-2-2019 13:52;;-0,122;1,524;-3,78
9-2-2019 13:52;;-0,366;1,28;-3,537
9-2-2019 13:52;;-0,549;-1,707;0,854
9-2-2019 13:52;;2,012;-3,537;3,841
9-2-2019 13:52;;6,098;-3,537;4,939
9-2-2019 13:52;;6,037;-2,073;2,622
9-2-2019 13:52;;2,988;-1,22;1,463
9-2-2019 13:52;;0,183;-3,415;3,537
9-2-2019 13:52;;2,927;-7,927;8,11
9-2-2019 13:52;;20,305;-10,488;16,829
9-2-2019 13:52;;64,329;-10,183;40,122
9-2-2019 13:52;;136,341;-4,146;82,866
9-2-2019 13:52;;224,512;-21,768;135,854
9-2-2019 13:52;;273,171;-55,671;179,207
9-2-2019 13:52;;141,341;11,829;124,817
9-2-2019 13:52;;-6,829;15,793;-13,963
9-2-2019 13:52;;-72,561;3,415;-103,902
9-2-2019 13:52;;-148,902;-10;-153,171
9-2-2019 13:52;;-206,951;-24,512;-171,829
9-2-2019 13:52;;-240,427;-44,085;-168,598
9-2-2019 13:52;;-227,5;-64,878;-172,683
9-2-2019 13:52;;-170,305;-61,89;-174,451
9-2-2019 13:52;;-105,793;8,902;-109,817
9-2-2019 13:52;;-62,622;96,463;49,207
9-2-2019 13:52;;-28,232;139,878;155,427
9-2-2019 13:52;;20,854;130,061;100,183
9-2-2019 13:52;;38,293;53,598;-16,707
9-2-2019 13:52;;36,159;-40,427;-22,683
9-2-2019 13:52;;108,171;-199,756;162,622
9-2-2019 13:52;;43,049;-65,305;35,305
9-2-2019 13:52;;15,183;18,902;-8,049
9-2-2019 13:52;;8,78;-5,183;9,512
9-2-2019 13:52;;4,634;-7,073;4,939
9-2-2019 13:52;;1,829;-2,5;-0,061
9-2-2019 13:52;;-2,012;-0,671;-1,22
9-2-2019 13:52;;-3,232;0,183;-2,5
9-2-2019 13:52;;-2,683;-0,976;-1,037
9-2-2019 13:52;;-1,037;-2,012;0,244
9-2-2019 13:52;;2,073;-3,049;1,829
9-2-2019 13:52;;2,805;-3,537;2,622
9-2-2019 13:52;;1,951;-3,232;2,195
9-2-2019 13:52;;1,585;-5;3,902
9-2-2019 13:52;;4,329;-7,805;7,805
9-2-2019 13:52;;14,329;-9,451;14,451
9-2-2019 13:52;;42,012;-5,305;40,61
9-2-2019 13:52;;95,671;-1,707;95,61
9-2-2019 13:52;;162,927;-41,829;145,854
9-2-2019 13:52;;230,183;-85,793;187,012
9-2-2019 13:52;;194,939;-55,183;104,878
9-2-2019 13:52;;45,122;-54,39;-111,951
9-2-2019 13:52;;-21,829;-38,11;-160,976
9-2-2019 13:52;;-98,11;-14,268;-124,695
9-2-2019 13:52;;-155,061;-0,854;-82,317
9-2-2019 13:52;;-185,305;-13,963;-87,866
9-2-2019 13:52;;-187,317;-39,817;-124,085
9-2-2019 13:52;;-167,5;-62,073;-162,134
9-2-2019 13:52;;-136,585;-52,5;-157,683
9-2-2019 13:52;;-114,817;22,195;-66,22
9-2-2019 13:52;;-92,988;96,585;30,732
9-2-2019 13:52;;-59,634;129,024;77,5
9-2-2019 13:52;;-12,012;131,707;72,195
9-2-2019 13:52;;37,439;95,854;52,744
9-2-2019 13:52;;67,439;11,037;34,39
9-2-2019 13:52;;89,695;-137,439;91,585
9-2-2019 13:52;;70,61;-194,451;107,561
9-2-2019 13:52;;26,159;1,463;-1,89
9-2-2019 13:52;;11,037;8,476;-0,183
9-2-2019 13:52;;5,366;-7,988;6,463
9-2-2019 13:52;;4,512;-0,366;-2,744
9-2-2019 13:52;;1,463;2,439;-4,451
9-2-2019 13:52;;-0,427;0,183;-2,317
9-2-2019 13:52;;1,402;-3,537;3,171
9-2-2019 13:52;;7,012;-5,061;6,585
9-2-2019 13:52;;10,122;-2,927;5,793
9-2-2019 13:52;;10,427;0,427;4,146
9-2-2019 13:52;;9,695;-0,915;3,598
9-2-2019 13:52;;4,512;-4,817;7,378
9-2-2019 13:52;;7,805;-8,598;12,622
9-2-2019 13:52;;43,963;-11,585;30,061
9-2-2019 13:52;;110,366;-15,732;76,524
9-2-2019 13:52;;197,5;-31,159;129,817
9-2-2019 13:52;;274,695;-52,134;179,085
9-2-2019 13:52;;232,988;-21,28;151,524
9-2-2019 13:52;;43,293;-19,146;-13,78
9-2-2019 13:52;;-34,512;-19,756;-101,646
9-2-2019 13:52;;-128,415;-9,451;-127,927
9-2-2019 13:52;;-199,085;-10,854;-143,476
9-2-2019 13:52;;-242,439;-31,098;-157,561
9-2-2019 13:52;;-248,72;-58,963;-170,793
9-2-2019 13:52;;-212,134;-59,207;-165,976
9-2-2019 13:52;;-156,646;20;-103,598
9-2-2019 13:52;;-105,122;130,549;16,585
9-2-2019 13:52;;-58,963;174,329;146,159
9-2-2019 13:52;;12,317;173,841;152,378
9-2-2019 13:52;;63,902;56,463;15,732
9-2-2019 13:52;;56,707;-91,402;-88,841
9-2-2019 13:52;;115,122;-202,927;122,988
9-2-2019 13:52;;46,402;-141,341;100,427
9-2-2019 13:52;;13,841;25,61;-20,549
9-2-2019 13:52;;9,329;3,293;-1,098
9-2-2019 13:52;;1,829;-5,122;4,634
9-2-2019 13:52;;1,341;6,341;-10,061
9-2-2019 13:52;;-2,134;4,573;-7,561
9-2-2019 13:52;;5,793;-5,671;6,829
9-2-2019 13:52;;9,329;-5,305;8,476
9-2-2019 13:52;;10,549;-1,28;2,5
9-2-2019 13:52;;12,805;2,5;-0,976
9-2-2019 13:52;;14,817;3,537;-0,061
9-2-2019 13:52;;10,61;-0,244;3,476
9-2-2019 13:52;;5,366;-5;8,11
9-2-2019 13:52;;12,256;-4,878;10,793
9-2-2019 13:52;;26,341;-1,159;10
9-2-2019 13:52;;55,305;-5,122;23,902
9-2-2019 13:52;;120,061;-26,28;62,012
9-2-2019 13:52;;227,988;-35,915;118,354
9-2-2019 13:52;;326,951;-44,756;169,085
9-2-2019 13:52;;301,585;-26,951;169,207
9-2-2019 13:52;;-9,451;16,098;57,866
9-2-2019 13:52;;-105,061;-21,22;-74,024
9-2-2019 13:52;;-159,024;-67,195;-168,232
9-2-2019 13:52;;-209,085;-91,28;-199,817
9-2-2019 13:52;;-233,963;-112,744;-176,28
9-2-2019 13:52;;-236,463;-124,207;-118,72
9-2-2019 13:52;;-207,134;-106,037;-83,659
9-2-2019 13:52;;-138,841;-13,415;-64,817
9-2-2019 13:52;;-79,817;97,256;-32,134
9-2-2019 13:52;;-61,037;149,573;18,11
9-2-2019 13:52;;-54,695;185,061;81,341
9-2-2019 13:52;;-28,598;212,195;108,537
9-2-2019 13:52;;1,341;158,232;73,11
9-2-2019 13:52;;25,915;6,524;2,439
9-2-2019 13:52;;91,159;-176,098;93,72
9-2-2019 13:52;;62,5;-193,72;101,22
9-2-2019 13:52;;15,793;7,5;1,707
9-2-2019 13:52;;13,963;9,451;-0,366
9-2-2019 13:52;;6,951;-9,39;11,037
9-2-2019 13:52;;2,134;0;-2,683
9-2-2019 13:52;;1,22;4,695;-7,927
9-2-2019 13:52;;3,11;2,561;-4,512
9-2-2019 13:52;;6,646;-2,866;4,329
9-2-2019 13:52;;8,354;-3,78;6,524
9-2-2019 13:52;;10,915;0,427;2,195
9-2-2019 13:52;;16,159;4,695;0,366
9-2-2019 13:52;;18,293;2,805;1,159
9-2-2019 13:52;;15,915;0,549;5,122
9-2-2019 13:52;;14,695;-0,427;6,768
9-2-2019 13:52;;27,317;1,707;9,634
9-2-2019 13:52;;58,11;-1,402;12,622
9-2-2019 13:52;;108,354;-17,012;32,561
9-2-2019 13:52;;189,146;-31,829;55,122
9-2-2019 13:52;;274,207;7,256;88,78
9-2-2019 13:52;;314,573;27,866;148,354
9-2-2019 13:52;;73,354;114,268;215,549
9-2-2019 13:52;;-93,171;107,805;138,049
9-2-2019 13:52;;-133,11;-17,805;-98,415
9-2-2019 13:52;;-178,598;-92,439;-251,524
9-2-2019 13:52;;-241,707;-110,854;-242,744
9-2-2019 13:52;;-248,354;-100,183;-146,951
9-2-2019 13:52;;-224,817;-55,183;-54,756
9-2-2019 13:52;;-182,622;36,89;-2,805
9-2-2019 13:52;;-125,854;122,073;-11,524
9-2-2019 13:52;;-78,293;158,963;27,622
9-2-2019 13:52;;-35,244;186,829;144,878
9-2-2019 13:52;;22,744;132,622;121,28
9-2-2019 13:52;;67,683;-42,561;33,598
9-2-2019 13:52;;87,378;-224,939;109,39
9-2-2019 13:52;;28,049;-34,024;24,146
9-2-2019 13:52;;12,195;15,793;-1,098
9-2-2019 13:52;;5,793;-6,951;7,012
9-2-2019 13:52;;2,683;-3,171;1,22
9-2-2019 13:52;;0,122;2,866;-5,366
9-2-2019 13:52;;-2,256;3,171;-6,829
9-2-2019 13:52;;-0,427;-1,829;0,793
9-2-2019 13:52;;5,183;-5,244;7,012
9-2-2019 13:52;;8,171;-3,902;5,427
9-2-2019 13:52;;8,78;-0,427;1,585
9-2-2019 13:52;;7,927;-0,366;0,183
9-2-2019 13:52;;4,878;-3,476;3,171
9-2-2019 13:52;;3,11;-7,134;8,78
9-2-2019 13:52;;13,963;-9,451;11,037
9-2-2019 13:52;;45,427;-12,012;21,829
9-2-2019 13:52;;96,098;-24,39;55,061
9-2-2019 13:52;;183,537;-48,659;103,171
9-2-2019 13:52;;271,646;-71,28;152,988
9-2-2019 13:52;;319,573;-60,122;174,512
9-2-2019 13:52;;82,744;-6,28;38,659
9-2-2019 13:52;;-71,768;-10,61;-106,951
9-2-2019 13:52;;-170,122;-10,671;-141,829
9-2-2019 13:52;;-245,61;-38,902;-176,463
9-2-2019 13:52;;-260,366;-101,28;-209,146
9-2-2019 13:52;;-237,256;-137,5;-189,756
9-2-2019 13:52;;-170;-89,085;-132,073
9-2-2019 13:52;;-95,549;29,634;-35,488
9-2-2019 13:52;;-59,146;125,732;90,244
9-2-2019 13:52;;-32,195;153,72;111,159
9-2-2019 13:52;;-9,207;158,78;44,146
9-2-2019 13:52;;-20,122;123,72;-13,354
9-2-2019 13:52;;-4,39;-13,476;0,976
9-2-2019 13:52;;139,207;-228,415;166,585
9-2-2019 13:52;;46,22;-70,549;31,89
9-2-2019 13:52;;10,366;18,293;-8,537
9-2-2019 13:52;;6,707;-5;9,512
9-2-2019 13:52;;4,512;-1,28;-0,488
9-2-2019 13:52;;1,098;2,988;-5,183
9-2-2019 13:52;;-0,549;3,415;-6,159
9-2-2019 13:52;;0,915;0,122;-0,427
9-2-2019 13:52;;4,573;-4,634;7,378
9-2-2019 13:52;;8,537;-4,146;7,439
9-2-2019 13:52;;10,183;-1,829;4,878
9-2-2019 13:52;;9,207;0,122;3,841
9-2-2019 13:52;;7,195;-0,244;2,805
9-2-2019 13:52;;5,061;-1,646;4,39
9-2-2019 13:52;;6,829;-3,354;6,524
9-2-2019 13:52;;11,28;-3,963;6,768
9-2-2019 13:52;;21,89;-3,232;8,78
9-2-2019 13:52;;40,61;-4,329;15,366
9-2-2019 13:52;;74,573;-18,232;36,22
9-2-2019 13:52;;143,963;-35,244;70,305
9-2-2019 13:52;;237,317;-30,488;120,183
9-2-2019 13:52;;307,012;-61,22;156,22
9-2-2019 13:52;;177,256;-26,768;107,378
9-2-2019 13:52;;-21,402;-14,634;-7,988
9-2-2019 13:52;;-96,707;-25,854;-100,793
9-2-2019 13:52;;-174,207;-51,524;-157,744
9-2-2019 13:52;;-234,512;-85,244;-188,171
9-2-2019 13:52;;-258,963;-124,878;-191,098
9-2-2019 13:52;;-243,72;-139,39;-166,037
9-2-2019 13:52;;-189,024;-61,585;-95,732
9-2-2019 13:52;;-117,805;74,268;-13,72
9-2-2019 13:52;;-67,378;154,329;51,22
9-2-2019 13:52;;-41,524;170,427;101,341
9-2-2019 13:52;;-9,329;162,256;79,573
9-2-2019 13:52;;2,378;67,927;-17,195
9-2-2019 13:52;;-3,72;-63,963;-80,854
9-2-2019 13:52;;121,89;-179,573;112,683
9-2-2019 13:52;;74,085;-118,476;77,561
9-2-2019 13:52;;15,305;22,622;-14,146
9-2-2019 13:52;;8,841;2,073;3,354
9-2-2019 13:52;;4,939;-5,427;4,451
9-2-2019 13:52;;1,524;2,378;-5,305
9-2-2019 13:52;;-0,183;2,317;-4,207
9-2-2019 13:52;;2,256;-1,829;3,11
9-2-2019 13:52;;7,134;-4,512;8,476
9-2-2019 13:52;;10,976;-2,5;6,707
9-2-2019 13:52;;10,305;1,037;3,11
9-2-2019 13:52;;10,244;2,317;3,293
9-2-2019 13:52;;8,171;-0,061;3,841
9-2-2019 13:52;;4,146;-4,817;7,927
9-2-2019 13:52;;11,707;-4,817;12,5
9-2-2019 13:52;;18,841;-2,012;11,524
9-2-2019 13:52;;28,476;-3,232;14,634
9-2-2019 13:52;;53,598;-5;34,512
9-2-2019 13:52;;103,232;-26,768;66,585
9-2-2019 13:52;;187,683;-21,768;113,354
9-2-2019 13:52;;257,134;-32,744;165,305
9-2-2019 13:52;;262,683;-30,122;170,427
9-2-2019 13:52;;67,561;13,598;41,28
9-2-2019 13:52;;-22,805;6,098;-71,341
9-2-2019 13:52;;-109,085;-2,439;-123,232
9-2-2019 13:52;;-185,671;-25,549;-156,22
9-2-2019 13:52;;-225;-66,646;-174,085
9-2-2019 13:52;;-228,72;-105,488;-171,768
9-2-2019 13:52;;-194,878;-121,037;-175,244
9-2-2019 13:52;;-131,22;-58,415;-145,183
9-2-2019 13:52;;-88,476;75,366;-16,341
9-2-2019 13:52;;-63,415;146,037;87,866
9-2-2019 13:52;;-25,305;150,854;68,049
9-2-2019 13:52;;1,951;147,317;20,915
9-2-2019 13:52;;-2,195;104,085;28,232
9-2-2019 13:52;;2,256;-7,317;23,598
9-2-2019 13:52;;89,939;-262,805;132,439
9-2-2019 13:52;;51,646;-121,89;60,732
9-2-2019 13:52;;17,317;35,305;-18,598
9-2-2019 13:52;;7,744;-5,671;7,805
9-2-2019 13:52;;3,598;-7,744;3,72
9-2-2019 13:52;;3,78;2,012;-5,61
9-2-2019 13:52;;4,268;-2,439;1,037
9-2-2019 13:52;;7,744;-4,329;7,134
9-2-2019 13:52;;10,671;-2,073;8,293
9-2-2019 13:52;;10,183;-0,427;5,976
9-2-2019 13:52;;13,72;0,183;1,28
9-2-2019 13:52;;15,854;1,22;1,341
9-2-2019 13:52;;13,902;0,061;5,793
9-2-2019 13:52;;10,854;-2,805;7,683
9-2-2019 13:52;;16,22;-5,061;10,549
9-2-2019 13:52;;31,768;-7,561;17,073
9-2-2019 13:52;;70,183;-23,354;39,207
9-2-2019 13:52;;163,902;-38,537;88,659
9-2-2019 13:52;;286,951;-17,439;160,305
9-2-2019 13:52;;354,146;-28,11;210,671
9-2-2019 13:52;;105,305;55,366;122,012
9-2-2019 13:52;;-55,976;38,476;-54,024
9-2-2019 13:52;;-113,293;-1,159;-161,037
9-2-2019 13:52;;-193,232;-23,78;-198,963
9-2-2019 13:52;;-241,28;-41,585;-182,805
9-2-2019 13:52;;-256,463;-60,183;-144,512
9-2-2019 13:52;;-237,866;-73,537;-143,415
9-2-2019 13:52;;-181,951;-29,39;-135,427
9-2-2019 13:52;;-120,183;79,451;-40,305
9-2-2019 13:52;;-72,927;144,573;102,988
9-2-2019 13:52;;-11,951;158,476;133,415
9-2-2019 13:52;;41,402;114,695;56,463
9-2-2019 13:52;;36,037;22,744;-10
9-2-2019 13:52;;17,256;-60,244;-4,878
9-2-2019 13:52;;113,841;-175,488;181,22
9-2-2019 13:52;;58,72;-107,134;58,476
9-2-2019 13:52;;11,707;18,537;-14,756
9-2-2019 13:52;;6,463;-2,683;8,659
9-2-2019 13:52;;3,354;-6,585;4,451
9-2-2019 13:52;;2,622;0,61;-2,805
9-2-2019 13:52;;1,707;-1,28;1,098
9-2-2019 13:52;;3,354;-3,72;5,671
9-2-2019 13:52;;4,939;-3,11;5
9-2-2019 13:52;;3,963;-2,5;3,293
9-2-2019 13:52;;3,11;-1,524;3,232
9-2-2019 13:52;;3,11;-1,159;3,902
9-2-2019 13:52;;2,5;-4,451;6,22
9-2-2019 13:52;;6,22;-6,585;11,585
9-2-2019 13:52;;20;-2,866;22,134
9-2-2019 13:52;;42,439;-5,915;36,341
9-2-2019 13:52;;77,317;-13,049;72,134
9-2-2019 13:52;;164,878;-23,415;126,524
9-2-2019 13:52;;255,488;-56,646;179,39
9-2-2019 13:52;;299,024;-56,22;200,854
9-2-2019 13:52;;87,073;-5,488;23,171
9-2-2019 13:52;;-38,72;-3,841;-126,646
9-2-2019 13:52;;-129,695;20,915;-118,171
9-2-2019 13:52;;-208,78;19,878;-117,622
9-2-2019 13:52;;-249,634;-11,768;-147,5
9-2-2019 13:52;;-258,72;-59,573;-185,976
9-2-2019 13:52;;-214,634;-89,024;-213,78
9-2-2019 13:52;;-132,5;-18,72;-165,183
9-2-2019 13:52;;-73,659;102,927;19,024
9-2-2019 13:52;;-40,183;165,549;173,354
9-2-2019 13:52;;6,585;179,451;137,927
9-2-2019 13:52;;23,78;116,28;16,22
9-2-2019 13:52;;-11,829;-7,988;-53,049
9-2-2019 13:52;;5,549;-73,049;-47,317
9-2-2019 13:52;;177,195;-162,195;161,951
9-2-2019 13:52;;90,488;-142,134;91,768
9-2-2019 13:52;;3,537;25,61;-23,963
9-2-2019 13:52;;12,622;4,634;3,537
9-2-2019 13:52;;5,061;-8,476;8,293
9-2-2019 13:52;;2,195;3,72;-6,341
9-2-2019 13:52;;0,488;1,585;-1,646
9-2-2019 13:52;;5,183;-1,524;3,72
9-2-2019 13:52;;9,39;-3,537;6,707
9-2-2019 13:52;;9,329;-2,683;4,634
9-2-2019 13:52;;9,329;0,671;4,085
9-2-2019 13:52;;9,695;2,805;5
9-2-2019 13:52;;8,72;0,061;2,317
9-2-2019 13:52;;8,171;-3,171;5,244
9-2-2019 13:52;;16,524;-3,72;11,037
9-2-2019 13:52;;33,11;-2,378;16,22
9-2-2019 13:52;;66,585;-10,305;36,646
9-2-2019 13:52;;146,524;-31,646;82,195
9-2-2019 13:52;;266,768;-26,585;144,329
9-2-2019 13:52;;347,5;-51,829;197,744
9-2-2019 13:52;;167,439;27,134;156,098
9-2-2019 13:52;;-50,305;52,744;-0,976
9-2-2019 13:52;;-103,841;28,72;-107,378
9-2-2019 13:52;;-190,854;10,549;-152,988
9-2-2019 13:52;;-256,098;-21,159;-184,756
9-2-2019 13:52;;-278,902;-72,5;-208,476
9-2-2019 13:52;;-259,634;-107,683;-212,927
9-2-2019 13:52;;-192,256;-45;-153,049
9-2-2019 13:52;;-106,646;104,939;-24,939
9-2-2019 13:52;;-49,634;155,244;124,695
9-2-2019 13:52;;7,012;156,768;140,366
9-2-2019 13:52;;51,89;97,073;18,537
9-2-2019 13:52;;23,659;-12,317;-59,512
9-2-2019 13:52;;96,098;-130,427;76,585
9-2-2019 13:52;;98,841;-111,646;100,122
9-2-2019 13:52;;10,488;16,646;-6,585
9-2-2019 13:52;;9,634;-0,793;5,732
9-2-2019 13:52;;8,72;-3,841;3,78
9-2-2019 13:52;;3,78;0,061;-0,244
9-2-2019 13:52;;-0,366;1,524;-2,5
9-2-2019 13:52;;-2,5;1,585;-3,232
9-2-2019 13:52;;-2,073;1,037;-2,012
9-2-2019 13:52;;0;-0,732;0,549
9-2-2019 13:52;;5,549;-2,073;3,476
9-2-2019 13:52;;10,183;-1,951;5
9-2-2019 13:52;;13,537;-1,341;5,427
9-2-2019 13:52;;16,829;0,549;5,183
9-2-2019 13:52;;15,061;0,366;4,939
9-2-2019 13:52;;11,768;-3,11;9,146
9-2-2019 13:52;;19,329;-3,476;12,866
9-2-2019 13:52;;36,463;-5;14,573
9-2-2019 13:52;;74,268;-19,146;31,341
9-2-2019 13:52;;152,378;-47,378;62,927
9-2-2019 13:52;;252,988;-34,39;104,817
9-2-2019 13:52;;332,805;-28,476;158,72
9-2-2019 13:52;;197,988;56,402;189,878
9-2-2019 13:52;;-73,293;121,098;130,854
9-2-2019 13:52;;-120,549;49,573;-37,927
9-2-2019 13:52;;-164,695;-11,585;-177,805
9-2-2019 13:52;;-222,561;-43,476;-226,585
9-2-2019 13:52;;-260,793;-82,988;-234,39
9-2-2019 13:52;;-256,829;-90,427;-191,341
9-2-2019 13:52;;-200;-13,049;-85,671
9-2-2019 13:52;;-116,28;116,159;-2,683
9-2-2019 13:52;;-42,439;164,634;101,037
9-2-2019 13:52;;24,146;170,976;166,768
9-2-2019 13:52;;63,598;91,951;69,024
9-2-2019 13:52;;43,11;-31,22;-1,463
9-2-2019 13:52;;76,524;-226,22;142,5
9-2-2019 13:52;;28,293;-69,939;47,439
9-2-2019 13:52;;14,756;29,024;-15,732
9-2-2019 13:52;;7,622;-1,951;3,78
9-2-2019 13:52;;2,317;-5,793;5,366
9-2-2019 13:52;;-0,732;1,829;-4,39
9-2-2019 13:52;;-2,622;2,012;-3,78
9-2-2019 13:52;;0,488;-1,28;1,585
9-2-2019 13:52;;5,61;-5,061;6,463
9-2-2019 13:52;;8,902;-4,634;5,915
9-2-2019 13:52;;9,024;-1,585;2,622
9-2-2019 13:52;;7,012;0;2,012
9-2-2019 13:52;;3,049;-2,317;3,049
9-2-2019 13:52;;0,915;-5,793;5,244
9-2-2019 13:52;;9,512;-7,805;8,963
9-2-2019 13:52;;31,89;-5;15,122
9-2-2019 13:52;;63,659;-10,061;33,415
9-2-2019 13:52;;124,085;-26,037;68,537
9-2-2019 13:52;;233,902;-36,829;125,793
9-2-2019 13:52;;317,073;-62,683;179,939
9-2-2019 13:52;;217,012;5,61;166,098
9-2-2019 13:52;;-36,646;51,098;38,232
9-2-2019 13:52;;-91,098;28,171;-84,146
9-2-2019 13:52;;-152,012;7,073;-149,329
9-2-2019 13:52;;-210,488;-10,671;-180,793
9-2-2019 13:52;;-247,378;-41,22;-194,268
9-2-2019 13:52;;-253,598;-66,585;-188,659
9-2-2019 13:52;;-211,646;-42,134;-146,037
9-2-2019 13:52;;-139,939;65,183;-60,671
9-2-2019 13:52;;-70,915;154,695;80,549
9-2-2019 13:52;;-4,085;179,939;178,841
9-2-2019 13:52;;58,232;156,463;127,988
9-2-2019 13:52;;52,561;40,305;5,915
9-2-2019 13:52;;59,634;-144,634;89,512
9-2-2019 13:52;;56,037;-246,28;149,451
9-2-2019 13:52;;26,463;1,768;-2,805
9-2-2019 13:52;;16,098;16,22;-8,72
9-2-2019 13:52;;5,854;-10,366;11,098
9-2-2019 13:52;;5,793;-0,793;-2,317
9-2-2019 13:52;;3,78;1,829;-4,451
9-2-2019 13:52;;4,146;-1,037;0,244
9-2-2019 13:52;;7,317;-3,232;5,732
9-2-2019 13:52;;10,61;-0,793;7,5
9-2-2019 13:52;;16,402;2,073;4,756
9-2-2019 13:52;;20,061;2,927;-0,915
9-2-2019 13:52;;18,049;3,537;1,28
9-2-2019 13:52;;18,415;2,256;7,073
9-2-2019 13:52;;22,683;0,305;9,634
9-2-2019 13:52;;36,22;-1,28;12,683
9-2-2019 13:52;;79,329;-13,415;18,659
9-2-2019 13:52;;151,098;-32,561;44,085
9-2-2019 13:52;;239,329;-21,402;76,524
9-2-2019 13:52;;321,098;31,951;125
9-2-2019 13:52;;210,976;85,61;190,671
9-2-2019 13:52;;-78,537;116,341;180,244
9-2-2019 13:52;;-146,524;3,841;-37,744
9-2-2019 13:52;;-181,463;-118,902;-257,317
9-2-2019 13:52;;-224,451;-171,951;-297,256
9-2-2019 13:52;;-229,817;-173,354;-206,707
9-2-2019 13:52;;-205,183;-110,793;-70
9-2-2019 13:52;;-159,817;9,39;35,366
9-2-2019 13:52;;-110,427;97,012;38,78
9-2-2019 13:52;;-68,963;121,829;-0,915
9-2-2019 13:52;;-42,073;135,244;6,341
9-2-2019 13:52;;-18,963;157,256;42,5
9-2-2019 13:52;;25,183;43,598;77,805
9-2-2019 13:52;;80,488;-190;108,598
9-2-2019 13:52;;31,463;-5,488;-1,22
9-2-2019 13:52;;12,988;10,915;7,073
9-2-2019 13:52;;5,305;-9,573;10,305
9-2-2019 13:52;;3,476;-4,268;1,28
9-2-2019 13:52;;1,829;-0,732;-1,463
9-2-2019 13:52;;-1,159;-0,793;-1,829
9-2-2019 13:52;;-1,159;-0,915;-1,463
9-2-2019 13:52;;-1,22;-2,5;0,61
9-2-2019 13:52;;1,829;-4,451;2,927
9-2-2019 13:52;;7,012;-4,695;5,488
9-2-2019 13:52;;10,183;-3,537;4,085
9-2-2019 13:52;;12,866;-1,829;1,098
9-2-2019 13:52;;16,22;-3,902;6,829
9-2-2019 13:52;;34,329;-8,902;21,585
9-2-2019 13:52;;74,024;-21,159;38,11
9-2-2019 13:52;;164,817;-46,341;77,378
9-2-2019 13:52;;264,512;-62,378;132,988
9-2-2019 13:52;;320,244;-73,659;158,415
9-2-2019 13:52;;104,817;-8,476;71,707
9-2-2019 13:52;;-42,317;-8,476;-57,195
9-2-2019 13:52;;-132,622;-6,646;-120,183
9-2-2019 13:52;;-218,78;-23,72;-155,183
9-2-2019 13:52;;-255,549;-71,159;-198,171
9-2-2019 13:52;;-248,293;-113,476;-211,707
9-2-2019 13:52;;-201,037;-75,366;-152,317
9-2-2019 13:52;;-139,573;40,61;-39,817
9-2-2019 13:52;;-96,098;152,195;101,768
9-2-2019 13:52;;-49,634;188,659;152,622
9-2-2019 13:52;;8,049;160,305;75
9-2-2019 13:52;;21,89;49,573;-23,78
9-2-2019 13:52;;-3,963;-63,72;-37,683
9-2-2019 13:52;;130,793;-135,793;174,39
9-2-2019 13:52;;59,085;-81,037;64,512
9-2-2019 13:52;;5,244;17,561;-17,866
9-2-2019 13:52;;10,183;-4,207;9,085
9-2-2019 13:52;;8,537;-8,354;10,61
9-2-2019 13:52;;4,268;-1,585;0,549
9-2-2019 13:52;;-0,427;0,305;-1,341
9-2-2019 13:52;;-1,707;-0,061;-1,159
9-2-2019 13:52;;-0,915;-1,28;0,244
9-2-2019 13:52;;0,488;-2,439;1,951
9-2-2019 13:52;;4,939;-5,122;6,951
9-2-2019 13:52;;9,146;-4,329;7,561
9-2-2019 13:52;;8,415;-2,866;6,098
9-2-2019 13:52;;5,976;-4,329;7,317
9-2-2019 13:52;;16,646;-6,768;14,024
9-2-2019 13:52;;45,61;-10,976;34,085
9-2-2019 13:52;;100,244;-19,634;74,939
9-2-2019 13:52;;214,634;-33,902;137,195
9-2-2019 13:52;;311,829;-71,707;188,659
9-2-2019 13:52;;303,841;-38,415;187,378
9-2-2019 13:52;;15,183;47,439;14,207
9-2-2019 13:52;;-92,317;38,476;-107,988
9-2-2019 13:52;;-186,585;38,049;-132,866
9-2-2019 13:52;;-254,085;12,683;-165,976
9-2-2019 13:52;;-257,927;-46,829;-205,061
9-2-2019 13:52;;-232,683;-88,415;-208,476
9-2-2019 13:52;;-165,854;-57,988;-161,402
9-2-2019 13:52;;-84,817;54,329;-37,012
9-2-2019 13:52;;-39,878;132,073;110,122
9-2-2019 13:52;;2,073;145,366;111,768
9-2-2019 13:52;;38,902;110;12,134
9-2-2019 13:52;;11,646;28,78;-50,732
9-2-2019 13:52;;12,866;-78,902;18,537
9-2-2019 13:52;;77,073;-240,366;151,646
9-2-2019 13:52;;25,488;-13,659;11,89
9-2-2019 13:52;;11,89;21,037;-6,402
9-2-2019 13:52;;6,159;-4,634;6,159
9-2-2019 13:52;;3,963;-1,159;-0,61
9-2-2019 13:52;;2,317;3,476;-5,915
9-2-2019 13:52;;-1,159;4,634;-10,061
9-2-2019 13:52;;-1,951;1,159;-2,744
9-2-2019 13:52;;1,646;-3,963;8,415
9-2-2019 13:52;;6,89;-2,561;7,683
9-2-2019 13:52;;11,037;0,122;4,634
9-2-2019 13:52;;19,207;2,805;0,488
9-2-2019 13:52;;22,378;5,366;-0,976
9-2-2019 13:52;;16,585;1,768;6,28
9-2-2019 13:52;;15,61;-1,89;12,256
9-2-2019 13:52;;27,683;-0,427;11,524
9-2-2019 13:52;;52,195;-2,5;10,671
9-2-2019 13:52;;100,793;-20,732;25,976
9-2-2019 13:52;;182,073;-41,341;60,122
9-2-2019 13:52;;288,598;-4,512;89,024
9-2-2019 13:52;;375;11,402;135,122
9-2-2019 13:52;;185,61;85,732;190,427
9-2-2019 13:52;;-116,098;124,634;144,085
9-2-2019 13:52;;-150,061;18,78;-70,488
9-2-2019 13:52;;-188,232;-70,183;-239,146
9-2-2019 13:52;;-253,598;-117,256;-263,293
9-2-2019 13:52;;-272,744;-128,598;-193,11
9-2-2019 13:52;;-251,098;-89,39;-90,61
9-2-2019 13:52;;-185,061;29,39;-5,244
9-2-2019 13:52;;-105,671;136,646;33,11
9-2-2019 13:52;;-48,476;161,341;91,159
9-2-2019 13:52;;3,293;175,732;122,378
9-2-2019 13:52;;36,524;107,805;53,11
9-2-2019 13:52;;17,012;-31,28;-23,841
9-2-2019 13:52;;71,098;-180,061;92,866
9-2-2019 13:52;;56,951;-146,463;99,756
9-2-2019 13:52;;20;25,061;-13,11
9-2-2019 13:52;;14,817;5,244;0,976
9-2-2019 13:52;;7,195;-7,195;10,427
9-2-2019 13:52;;4,695;-0,183;-2,195
9-2-2019 13:52;;0;1,402;-3,841
9-2-2019 13:52;;-2,378;0,061;-1,951
9-2-2019 13:52;;-2,195;-0,915;1,22
9-2-2019 13:52;;1,098;-2,012;2,866
9-2-2019 13:52;;5,671;-2,561;4,756
9-2-2019 13:52;;7,927;-0,305;4,146
9-2-2019 13:52;;7,988;-0,244;4,451
9-2-2019 13:52;;6,768;-4,146;7,073
9-2-2019 13:52;;14,451;-6,89;10,793
9-2-2019 13:52;;35,732;-7,256;19,085
9-2-2019 13:52;;68,72;-16,951;38,902
9-2-2019 13:52;;143,963;-28,171;80,122
9-2-2019 13:52;;259,451;-54,268;136,098
9-2-2019 13:52;;336,89;-75,183;175,427
9-2-2019 13:52;;149,695;-3,902;109,329
9-2-2019 13:52;;-41,402;7,744;-42,622
9-2-2019 13:52;;-103,841;7,622;-113,659
9-2-2019 13:52;;-187,683;2,195;-137,805
9-2-2019 13:52;;-241,22;-25,732;-167,195
9-2-2019 13:52;;-261,22;-71,89;-197,683
9-2-2019 13:52;;-242,866;-98,171;-204,573
9-2-2019 13:52;;-171,037;-28,415;-144,512
9-2-2019 13:52;;-103,171;101,159;-8,537
9-2-2019 13:52;;-58,415;177,866;161,646
9-2-2019 13:52;;4,695;185,732;174,817
9-2-2019 13:52;;56,463;102,256;36,341
9-2-2019 13:52;;35,122;-37,012;-51,341
9-2-2019 13:52;;102,195;-216,524;156,037
9-2-2019 13:52;;40,915;-72,134;49,39
9-2-2019 13:52;;18,72;23,171;-12,073
9-2-2019 13:52;;12,134;-5,183;8,476
9-2-2019 13:52;;8,415;-6,951;6,768
9-2-2019 13:52;;4,756;-0,915;-1,098
9-2-2019 13:52;;1,463;1,585;-2,988
9-2-2019 13:52;;-0,61;1,89;-4,024
9-2-2019 13:52;;-1,829;-0,488;-0,244
9-2-2019 13:52;;0,183;-1,22;1,159
9-2-2019 13:52;;4,756;-2,012;3,963
9-2-2019 13:52;;9,024;-1,341;4,451
9-2-2019 13:52;;12,988;-0,122;2,073
9-2-2019 13:52;;12,683;-1,463;3,72
9-2-2019 13:52;;15,732;-4,451;10,244
9-2-2019 13:52;;30,915;-5,427;15,244
9-2-2019 13:52;;62,866;-14,878;25,732
9-2-2019 13:52;;130,366;-47,5;60,61
9-2-2019 13:52;;250,793;-46,585;102,378
9-2-2019 13:52;;349,39;-52,195;147,744
9-2-2019 13:52;;231,22;13,78;165,183
9-2-2019 13:52;;-57,256;80,732;70,915
9-2-2019 13:52;;-116,463;40,671;-70,488
9-2-2019 13:52;;-191,098;-7,317;-166,768
9-2-2019 13:52;;-249,573;-53,902;-221,037
9-2-2019 13:52;;-266,22;-111,402;-240,671
9-2-2019 13:52;;-244,39;-131,28;-197,439
